{
    "calibrationParameters": [
        {
            "projectName": "AutoSave",
            "position": {
                "x": -0.02662999927997589,
                "y": -0.04198869690299034,
                "z": 0.0
            },
            "eulerAngles": {
                "x": 350.587890625,
                "y": 353.4747314453125,
                "z": 0.0
            },
            "localScale": {
                "x": 1.7208589315414429,
                "y": 1.7208589315414429,
                "z": 1.7208589315414429
            },
            "distance": -1.0623685121536255,
            "mode": 1
        },
        {
            "projectName": "Camera_B",
            "position": {
                "x": 0.15000000596046449,
                "y": -0.20000000298023225,
                "z": 0.10000000149011612
            },
            "eulerAngles": {
                "x": 330.0,
                "y": 315.0,
                "z": 0.0
            },
            "localScale": {
                "x": 0.800000011920929,
                "y": 0.800000011920929,
                "z": 0.800000011920929
            },
            "distance": -1.3322757482528687,
            "mode": 0
        }
    ]
}