{
    "calibrationParameters": [
        {
            "projectName": "Default",
            "position": {
                "x": 0.0024939950089901687,
                "y": 0.055910009890794757,
                "z": 0.0
            },
            "eulerAngles": {
                "x": 330.2839660644531,
                "y": 0.1777811348438263,
                "z": 0.0
            },
            "localScale": {
                "x": 0.4974270761013031,
                "y": 0.4974270761013031,
                "z": 0.4974270761013031
            },
            "distance": -0.9998897910118103,
            "mode": 0
        },
        {
            "projectName": "Camera_B",
            "position": {
                "x": 0.15000000596046449,
                "y": -0.20000000298023225,
                "z": 0.10000000149011612
            },
            "eulerAngles": {
                "x": 330.0,
                "y": 315.0,
                "z": 0.0
            },
            "localScale": {
                "x": 0.800000011920929,
                "y": 0.800000011920929,
                "z": 0.800000011920929
            },
            "distance": -1.3322757482528687,
            "mode": 0
        }
    ]
}