{
    "calibrationParameters": [
        {
            "projectName": "Default",
            "position": {
                "x": -0.01997087150812149,
                "y": -0.01997087150812149,
                "z": 0.0
            },
            "eulerAngles": {
                "x": 343.7083740234375,
                "y": 343.7083740234375,
                "z": 0.0
            },
            "localScale": {
                "x": 0.5660929679870606,
                "y": 0.5660929679870606,
                "z": 0.5660929679870606
            },
            "distance": -1.0700867176055909,
            "mode": 1
        },
        {
            "projectName": "Camera_B",
            "position": {
                "x": 0.15000000596046449,
                "y": -0.20000000298023225,
                "z": 0.10000000149011612
            },
            "eulerAngles": {
                "x": 330.0,
                "y": 315.0,
                "z": 0.0
            },
            "localScale": {
                "x": 0.800000011920929,
                "y": 0.800000011920929,
                "z": 0.800000011920929
            },
            "distance": -1.3322757482528687,
            "mode": 0
        }
    ]
}