{
    "calibrationParameters": [
        {
            "projectName": "AutoSave",
            "position": {
                "x": 0.0,
                "y": 0.0,
                "z": 0.0
            },
            "eulerAngles": {
                "x": 330.0,
                "y": 0.0,
                "z": 0.0
            },
            "localScale": {
                "x": 1.53150475025177,
                "y": 1.53150475025177,
                "z": 1.53150475025177
            },
            "distance": -0.8660253882408142,
            "mode": 0
        },
        {
            "projectName": "Default",
            "position": {
                "x": 0.0,
                "y": 0.0,
                "z": 0.0
            },
            "eulerAngles": {
                "x": 330.0,
                "y": 0.0,
                "z": 0.0
            },
            "localScale": {
                "x": 0.5,
                "y": 0.5,
                "z": 0.5
            },
            "distance": -0.8660253882408142,
            "mode": 0
        }
    ]
}