{
    "calibrationParameters": [
        {
            "projectName": "Default",
            "position": {
                "x": 0.0,
                "y": -0.25253725051879885,
                "z": 0.0
            },
            "eulerAngles": {
                "x": 355.6943359375,
                "y": 0.0,
                "z": 0.0
            },
            "localScale": {
                "x": 0.6945353150367737,
                "y": 0.6945353150367737,
                "z": 0.6945353150367737
            },
            "distance": -1.2203322649002076
        },
        {
            "projectName": "Camera_B",
            "position": {
                "x": 0.15000000596046449,
                "y": -0.20000000298023225,
                "z": 0.10000000149011612
            },
            "eulerAngles": {
                "x": 330.0,
                "y": 315.0,
                "z": 0.0
            },
            "localScale": {
                "x": 0.800000011920929,
                "y": 0.800000011920929,
                "z": 0.800000011920929
            },
            "distance": -1.3322757482528687
        }
    ]
}